"Bulk Action","Número","Status","Tag/Marcador","Propriedade","Acomodação","Unid.","Check In","Check Out","Noites","Nome completo","E-mail","Adultos","Crianças","Referência","Reserva - Data","Pagamentos","Saldo","Valor","Master Id","Invoicee Id"
"","89799565","Cancelado","cancelou","ENCANTOS DE ALTITUDE","CABANA VERDE","C.VERDE","Thu 16 Jul 2026","Sun 19 Jul 2026","3","ANDREA TAMANINE","andreatamnn@gmail.com","2","0","direct","Mon 13 Jul 2026","0.00","2370.00","2370.00","89799565",""
"","88790857","Confirmado","nao-depositou","ENCANTOS DE ALTITUDE","CABANA ROSA","C.ROSA","Thu 16 Jul 2026","Fri 17 Jul 2026","1","Renata Picolli","rpicol.162348@guest.booking.com","4","0","Booking.com","Wed 24 Jun 2026","0.00","1198.00","1198.00","88790857",""
"","87697965","Confirmado","cancelou","ENCANTOS DE ALTITUDE","CABANA AZUL","C.AZUL","Fri 17 Jul 2026","Sun 19 Jul 2026","2","Graziele Sousa Silveira","grazieless81@gmail.com","2","0","direct","Tue  2 Jun 2026","0.00","1518.00","1518.00","87697965",""
"","87699797","Confirmado","pgto-confirmado","ENCANTOS DE ALTITUDE","CABANA AZUL","C.AZUL","Fri 17 Jul 2026","Sun 19 Jul 2026","2","Graziele Sousa Silveira","grazieless81@gmail.com","2","0","direct","Tue  2 Jun 2026","455.00","1063.00","1518.00","87699797",""
"","89964556","Confirmado","pgto-confirmado","ENCANTOS DE ALTITUDE","CABANA ROSA","C.ROSA","Sat 18 Jul 2026","Mon 20 Jul 2026","2","Joseane Da Silva","Josi.eu@gmail.com","2","0","direct","Thu 16 Jul 2026","596.00","924.00","1520.00","89964556",""
"","89344246","Cancelado","cancelou","ENCANTOS DE ALTITUDE","CONTAINERS","CONTAINER A","Sat 18 Jul 2026","Sun 19 Jul 2026","1","TADEU","","2","0","eng.civil.clovis@gmail.com","Sun  5 Jul 2026","0.00","590.00","590.00","89344246",""
"","89639020","Confirmado","channels","ENCANTOS DE ALTITUDE","CONTAINERS","CONTAINER B","Sat 18 Jul 2026","Mon 20 Jul 2026","2","Elomar Tejada Franceschi","efranc.495533@guest.booking.com","2","0","Booking.com","Fri 10 Jul 2026","0.00","904.00","904.00","89639020",""
"","89891126","Confirmado","pgto-confirmado","ENCANTOS DE ALTITUDE","CONTAINERS","CONTAINER A","Sun 19 Jul 2026","Tue 21 Jul 2026","2","Juliano Rengel","juliano.rengel1@gmail.com","2","0","direct","Wed 15 Jul 2026","234.00","546.00","780.00","89891126",""
"","89078000","Confirmado","nao-depositou","ENCANTOS DE ALTITUDE","CABANA AZUL","C.AZUL","Mon 20 Jul 2026","Wed 22 Jul 2026","2","Patricia Ornelas","pornel.465427@guest.booking.com","2","0","Booking.com","Tue 30 Jun 2026","0.00","1478.00","1478.00","89078000",""
"","88179715","Confirmado","pgto-confirmado","ENCANTOS DE ALTITUDE","CABANA ROSA","C.ROSA","Mon 20 Jul 2026","Wed 22 Jul 2026","2","Patricia Ornelas","pornel.815050@guest.booking.com","2","2","Booking.com","Thu 11 Jun 2026","1.00","2352.94","2353.94","88179715",""
"","89079404","Confirmado","nao-depositou","ENCANTOS DE ALTITUDE","CABANA VERDE","C.VERDE","Tue 21 Jul 2026","Thu 23 Jul 2026","2","Patricia Bueno De Morais","pmorai.885912@guest.booking.com","2","1","Booking.com","Tue 30 Jun 2026","0.00","1752.00","1752.00","89079404",""
"","89532710","Confirmado","pgto-confirmado","ENCANTOS DE ALTITUDE","CABANA AZUL","C.AZUL","Wed 22 Jul 2026","Sun 26 Jul 2026","4","Carlos Zicardi jr","Paolavicente12@gmail.com","2","1","direct","Wed  8 Jul 2026","1620.00","1620.00","3240.00","89532710",""
"","89691997","Confirmado","pgto-confirmado","ENCANTOS DE ALTITUDE","CABANA ROSA","C.ROSA","Wed 22 Jul 2026","Fri 24 Jul 2026","2","Paulo Jundo Oyama","paulo.jundo@gmail.com","2","1","direct","Sat 11 Jul 2026","558.00","1302.00","1860.00","89691997",""
"","89335143","Confirmado","channels","ENCANTOS DE ALTITUDE","CABANA ROSA","C.ROSA","Fri 24 Jul 2026","Sun 26 Jul 2026","2","Sidney Alves","salves.479992@guest.booking.com","3","0","Booking.com","Sun  5 Jul 2026","0.00","1618.00","1618.00","89335143",""
"","89588383","Confirmado","nao-depositou","ENCANTOS DE ALTITUDE","CONTAINERS","CONTAINER A","Sat 25 Jul 2026","Sun 26 Jul 2026","1","Elisete Fritzen","efritz.703332@guest.booking.com","2","0","Booking.com","Thu  9 Jul 2026","0.00","452.00","452.00","89588383",""
"","89290527","Confirmado","pgto-confirmado","ENCANTOS DE ALTITUDE","CABANA AZUL","C.AZUL","Sat  1 Aug 2026","Mon  3 Aug 2026","2","Silvani Galvan Scherer","silvanischerer@yahoo.com.br","2","0","direct","Sat  4 Jul 2026","390.00","910.00","1300.00","89290527",""
"","89927641","Cancelado","channels","ENCANTOS DE ALTITUDE","CONTAINERS","CONTAINER A","Fri  7 Aug 2026","Sun  9 Aug 2026","2","Aline Viana Magalhaes","amagal.919314@guest.booking.com","2","0","Booking.com","Thu 16 Jul 2026","0.00","904.00","904.00","89927641",""
"","89816970","Cancelado","pgto-confirmado","ENCANTOS DE ALTITUDE","CONTAINERS","CONTAINER A","Tue  8 Sep 2026","Wed  9 Sep 2026","1","GUSTAVO SOARES RODRIGUES PEREIRA","gperei.386870@guest.booking.com","2","0","Booking.com","Tue 14 Jul 2026","1.00","'-1.00","0.00","89816970",""
"","89684070","Confirmado","channels","ENCANTOS DE ALTITUDE","CABANA AZUL","C.AZUL","Fri 25 Sep 2026","Sun 27 Sep 2026","2","Carolina Hubner Panisson","cpanis.923652@guest.booking.com","4","0","Booking.com","Sat 11 Jul 2026","0.00","2156.00","2156.00","89684070",""

